<?xml version="1.0" encoding="UTF-8"?>
<project-private xmlns="http://www.netbeans.org/ns/project-private/1">
    <editor-bookmarks xmlns="http://www.netbeans.org/ns/editor-bookmarks/2" lastBookmarkId="0"/>
    <open-files xmlns="http://www.netbeans.org/ns/projectui-open-files/2">
        <group>
            <file>file:/C:/Users/Mr.Phiphat/Desktop/Home%20work/Cs436/Project_JIMCOM/JIMCOM/src/jimcom/JDialogAddSupplier.java</file>
            <file>file:/C:/Users/Mr.Phiphat/Desktop/Home%20work/Cs436/Project_JIMCOM/JIMCOM/src/jimcom/PrintPDF.java</file>
            <file>file:/C:/Users/Mr.Phiphat/Desktop/Home%20work/Cs436/Project_JIMCOM/JIMCOM/src/jimcom/PanelPrinter.java</file>
            <file>file:/C:/Users/Mr.Phiphat/Desktop/Home%20work/Cs436/Project_JIMCOM/JIMCOM/src/jimcom/DialogDelect.java</file>
            <file>file:/C:/Users/Mr.Phiphat/Desktop/Home%20work/Cs436/Project_JIMCOM/JIMCOM/src/jimcom/MainJimcom.java</file>
        </group>
    </open-files>
</project-private>
